file	sha256
.gitignore	b6dad20f00ea16ecfc0ecbcb55bab6409c49624ae362f10b9222ae81010f574c
CLAUDE_WEEKLY_MASTER_INDEX_2026-04-20_VERIFIED.md	7656804e58e0fac9f828da3829bb818dbc094c5c6ae5db3331755cd9bd13a1c6
DEPLOYMENT_GUIDE.md	e5ea7d581c369a73e547242e19b0c41541d0bdc0447f5c22156dd09aae68f29b
REMAINING_100_EXECUTION_REPORT_2026-04-20.md	d1f6739c6aac83cb3f06224ea62caece27f605b8f9ca684fa541962fce709436
REMAINING_100_FINAL_VERIFICATION_2026-04-20.md	64e073fed8f4a124fefc1711a8153531fc021d0ee67e64a491ee2ca8fc6be91d
scripts/runtime_health_matrix.ps1	5df429528d2464c71f422fd09d15a2cb5ee845826b5f168b84c1ef2d629f8213
STEPS_101_200_PROGRESS_TRACKER_2026-04-20.md	42f1f2b229f3bbba229a50d2bfce27bb48bee5e3c956642c14e6d62a8f51824e
evidence/remaining100_2026-04-20/README.md	f0622584785ab3369baa7f16a6b9b5fa0f31e4e900707b539a4514b969228373
evidence/remaining100_2026-04-20/runtime_health_matrix_2026-04-20_140434.tsv	8bdeedee85e20f845e95563e97ae5c455b3a5f151e8346aab761034aec859539
evidence/remaining100_2026-04-20/step104_arena_compose_config_2026-04-20_134813.txt	1b005e4cd65a2bbc833b85e893683ddbd78c00128177d4af739355a664bcde10
evidence/remaining100_2026-04-20/step104_arena_compose_up_2026-04-20_134813.txt	8f0cfbdd00d9c6f48ebc7ecef969a0a701702603099dbf0be99fe9c0b056f274
evidence/remaining100_2026-04-20/step104_arena_health_2026-04-20_134813.txt	139ed679b01c266bc3758bc5bbaa1361f544947a2f76fad2392a5f039ad12448
evidence/remaining100_2026-04-20/step107_kb_search_api_health_probe_2026-04-20_140648.txt	c7accdcfaec5f3a07136b323184aef42fb2aa21ca604a627a531935b3fa4def4
evidence/remaining100_2026-04-20/step107_kb_search_api_logs_2026-04-20_140646.txt	ec1fb68e353adc8dd14f2690c3291eee179c93244a9786a1ff6c3f469d66022f
evidence/remaining100_2026-04-20/step111_runtime_matrix_after_timeout_fix_2026-04-20_140912.tsv	0b5c14faad5fe53b77fa8b0352c77bc4a5a87a75186b592feeee8067f51d5522
evidence/remaining100_2026-04-20/step111_runtime_matrix_recheck2_2026-04-20_140735.tsv	f3dfa3f1bceb4376b22fe007189914e731d223c77d6f7d6d85502eb1858b0658
evidence/remaining100_2026-04-20/step111_runtime_matrix_recheck_2026-04-20_140434.tsv	64318abaabf057328917334e8ef3af8f176f49d203f05b51f3ca75ae3544d9e1
evidence/remaining100_2026-04-20/step112_litellm_readiness_2026-04-20_134839.txt	16547faa3a801cf8d94283fecd53c043f16180a7c470c9a61e05ec01524170a7
evidence/remaining100_2026-04-20/step113_litellm_logs_2026-04-20_134839.txt	26d73619e66487890c159023853d883eaefb25406d441642ddecb82f9bb602b9
evidence/remaining100_2026-04-20/step114_litellm_env_network_2026-04-20_134839.txt	7edca933b4448f41379f84578d1ef7c2f247939dfeedd974d74164cfd9dbbe78
evidence/remaining100_2026-04-20/step119_litellm_redeploy_2026-04-20_135029.txt	c76140cbb7cc4237b48946d474467f9568c94cee532b7062015a72a2d9ef662e
evidence/remaining100_2026-04-20/step121_litellm_logs_live_2026-04-20_140434.txt	54407b77f16e208612428a57d6b9b7e16c4c84b417e8407abbc4d29c1b550a7e
evidence/remaining100_2026-04-20/step121_litellm_logs_retry_2026-04-20_135142.txt	4bd7fc394f51fcc2214f9d93ef29f2e9605fbbeb4789cd5af84e7b7e716d2543
evidence/remaining100_2026-04-20/step121_litellm_readiness_after_fix_2026-04-20_135029.txt	0791e4faf9019ba741069fc987c1337ebb3c69be00dc8b3a4938a76836d1badb
evidence/remaining100_2026-04-20/step121_litellm_readiness_live_2026-04-20_140430.txt	83a3a085e59bb48f513a8a8e1b174372ac10b5e190ba8d403190cf2e20a7f5f7
evidence/remaining100_2026-04-20/step121_litellm_readiness_recheck_2026-04-20_135055.txt	0791e4faf9019ba741069fc987c1337ebb3c69be00dc8b3a4938a76836d1badb
evidence/remaining100_2026-04-20/step121_litellm_readiness_retry_2026-04-20_135142.txt	831194496479305c20188589b694fdc072bba9fa352de65240ff406f86e6aa90
evidence/remaining100_2026-04-20/step143_hygiene_verification_2026-04-20_142137.txt	2c2255bd75601df4a3c9cc6f35b43612a4aadc664ef07650ecfcb03b847a528d
evidence/remaining100_2026-04-20/step153_doc_hash_manifest_2026-04-20_142252.tsv	8c36bf504c254c2aa442a1f0309c84bbe16f7f8b23526d44ebad83e623644e17
evidence/remaining100_2026-04-20/step154_consistency_check_2026-04-20_142225.txt	11fb9b0f70de05d75ae96cd1ea72b13b1c5d765b157185b107f2403f4ac9d88f
evidence/remaining100_2026-04-20/step154_link_validation_2026-04-20_142225.tsv	096cc86222bb0e49126055ce6c963f9f9e1521343bd214f4de87cb0c96d73455
