last_write	extension	size_bytes	relative_path
2026-04-20T08:19:24.7072003-05:00	.jsonl	5481086	a1a7f981-ae16-42dc-a3f0-2b602cc17d28.jsonl
2026-04-20T07:54:38.7139059-05:00	.jsonl	5901150	569ba0fa-d563-4b40-b807-80ea5bb58bd7.jsonl
2026-04-20T07:49:28.7683261-05:00	.jsonl	18584763	58977fff-9245-4b76-a078-19b4b995f5b5.jsonl
2026-04-20T07:47:45.7979368-05:00	.jsonl	21209236	5e0e5070-6702-4005-a149-73829adac7f6.jsonl
2026-04-20T07:47:43.6086098-05:00	.jsonl	18123775	3dbeadf9-4c07-4eeb-a378-a62e93d528f5.jsonl
2026-04-20T07:46:26.7551881-05:00	.jsonl	4849034	72dcf210-876a-46f1-9f78-93e6c17831e4.jsonl
2026-04-20T07:45:14.8761288-05:00	.jsonl	2931706	a4eabc45-4e1e-4d4e-a85a-f33e7d84511a.jsonl
2026-04-20T07:45:13.1050681-05:00	.jsonl	2618749	ea4a844d-2a5d-4e5b-aafa-619c6807d20d.jsonl
2026-04-20T07:45:06.0153044-05:00	.jsonl	2980060	6970c85a-5f3d-41bb-9b9c-d40c63fa613b.jsonl
2026-04-20T07:33:50.6312766-05:00	.json	443	.quarantine\approvals\2026-04-20-full-worktree-checkpoint.json
2026-04-20T05:32:52.4289093-05:00	.jsonl	182003	1c1fd945-fe57-4ad5-82b1-37e89a3b2ca3.jsonl
2026-04-20T04:58:22.8360720-05:00	.jsonl	17942240	f0ade6da-303e-40c5-8b8d-c8b3757475b7.jsonl
2026-04-20T04:52:13.4719893-05:00	.md	4317	PHASE_C_UNBLOCK_REPORT_2026-04-20.md
2026-04-20T04:48:21.8206054-05:00	.md	2843	30_STEP_COMPLETION_SNAPSHOT_2026-04-20.md
2026-04-20T04:46:55.0750836-05:00	.md	2945	SECRETS_MANAGEMENT_2026-04-20.md
2026-04-20T04:29:16.5363945-05:00	.jsonl	23571	79243abb-0e1d-4459-bbb7-99b8d9110adb.jsonl
2026-04-20T02:38:42.6475046-05:00	.jsonl	6440015	da42933e-50da-4dfa-8ab6-2d52659ea82c.jsonl
2026-04-20T02:17:22.3986599-05:00	.jsonl	19912683	db32b2d6-f2f2-439b-b603-8a8568b32e82.jsonl
2026-04-20T02:14:08.8626065-05:00	.jsonl	5592718	a1754333-03dc-4b04-895d-f29e452a6343.jsonl
2026-04-20T02:09:46.4089131-05:00	.jsonl	75413	25d63586-6d2b-4874-96e0-2e92f0cfdba2.jsonl
2026-04-20T02:03:11.0040737-05:00	.jsonl	36802	8bbb3417-ccd3-4acf-b164-2da3f4184048.jsonl
2026-04-20T01:39:58.5634752-05:00	.jsonl	2988599	7116ccda-5db1-46f4-bd02-af2eafda0164.jsonl
2026-04-20T01:07:49.9839148-05:00	.txt	39579	58977fff-9245-4b76-a078-19b4b995f5b5\tool-results\bve2a6aa8.txt
2026-04-20T01:01:29.5906918-05:00	.jsonl	43387	b9b1f697-970b-4dac-b014-3447e135cc9c.jsonl
2026-04-20T00:47:34.4232967-05:00	.jsonl	23413	7a5f9701-b201-42e1-9832-ff8c3364a0aa.jsonl
2026-04-20T00:35:35.8006158-05:00	.txt	4206781	a1754333-03dc-4b04-895d-f29e452a6343\tool-results\b0kc8nqqc.txt
2026-04-20T00:32:55.7294512-05:00	.txt	38951	ea4a844d-2a5d-4e5b-aafa-619c6807d20d\tool-results\b6cuajjf7.txt
2026-04-20T00:15:10.5608121-05:00	.jsonl	20741	3d44bb29-693a-4164-9b41-74095da79866.jsonl
2026-04-19T23:59:17.7804590-05:00	.jsonl	19070	2f27b825-4922-48dd-9772-85dfb009352d.jsonl
2026-04-19T23:14:46.3564482-05:00	.md	3887	memory\session_service_elasticsearch_rebuild_2026-04-19.md
2026-04-19T22:36:50.1711228-05:00	.jsonl	8393383	44a09711-4897-4674-a06e-c52598923858.jsonl
2026-04-19T22:33:11.2421366-05:00	.txt	185876	58977fff-9245-4b76-a078-19b4b995f5b5\tool-results\bb2au01gu.txt
2026-04-19T22:19:43.4227376-05:00	.md	7888	memory\MEMORY.md
2026-04-19T20:17:04.4903932-05:00	.jsonl	4309373	cef8075f-aa21-4a89-8481-bdc4fd07477e.jsonl
2026-04-19T20:15:39.4943437-05:00	.jsonl	21975	72b18440-1c8b-4a0d-8604-c735e50827a7.jsonl
2026-04-19T19:47:37.4989036-05:00	.jsonl	109002	72dcf210-876a-46f1-9f78-93e6c17831e4\subagents\agent-a65c9eec8b730bc07.jsonl
2026-04-19T19:45:40.3497571-05:00	.jsonl	20391	a76066f2-5460-459c-913b-123c44d3e8dc.jsonl
2026-04-19T19:45:09.1295426-05:00	.txt	23860	db32b2d6-f2f2-439b-b603-8a8568b32e82\tool-results\toolu_01HxLc7ERFLmLUfjxLhRJpFa.txt
2026-04-19T19:39:28.6189710-05:00	.json	75	72dcf210-876a-46f1-9f78-93e6c17831e4\subagents\agent-a65c9eec8b730bc07.meta.json
2026-04-19T19:37:19.8133364-05:00	.jsonl	201265	a1a7f981-ae16-42dc-a3f0-2b602cc17d28\subagents\agent-a0b9f9c1b7e58eeb3.jsonl
2026-04-19T19:34:57.2786402-05:00	.jsonl	10691606	aa4d81c1-8dff-4f48-a892-30feae297342.jsonl
2026-04-19T19:31:47.0356964-05:00	.jsonl	171164	a4eabc45-4e1e-4d4e-a85a-f33e7d84511a\subagents\agent-af0cab5416179f01c.jsonl
2026-04-19T19:29:35.3891553-05:00	.jsonl	164764	a4eabc45-4e1e-4d4e-a85a-f33e7d84511a\subagents\agent-abd2da74e1f7fce66.jsonl
2026-04-19T19:29:02.2470787-05:00	.jsonl	154676	a1a7f981-ae16-42dc-a3f0-2b602cc17d28\subagents\agent-a51efe6cc53edc0c4.jsonl
2026-04-19T19:26:51.3720438-05:00	.json	87	a1a7f981-ae16-42dc-a3f0-2b602cc17d28\subagents\agent-a0b9f9c1b7e58eeb3.meta.json
2026-04-19T19:26:35.1781880-05:00	.json	69	a1a7f981-ae16-42dc-a3f0-2b602cc17d28\subagents\agent-a51efe6cc53edc0c4.meta.json
2026-04-19T19:25:56.0961250-05:00	.md	1694	memory\project_chat_sidecar_2026-04-19.md
2026-04-19T19:25:47.6060742-05:00	.jsonl	22568	811b96dd-6ebf-4649-9160-ace330d80a19.jsonl
2026-04-19T19:25:46.0265898-05:00	.json	73	a4eabc45-4e1e-4d4e-a85a-f33e7d84511a\subagents\agent-af0cab5416179f01c.meta.json
2026-04-19T19:25:31.2896089-05:00	.json	64	a4eabc45-4e1e-4d4e-a85a-f33e7d84511a\subagents\agent-abd2da74e1f7fce66.meta.json
2026-04-19T19:24:39.4720573-05:00	.jsonl	149427	e9d5ad8c-a962-4dd3-8ba3-8c49a4aed66e.jsonl
2026-04-19T19:19:37.8484084-05:00	.jsonl	365062	a1754333-03dc-4b04-895d-f29e452a6343\subagents\agent-a99536e1702defce9.jsonl
2026-04-19T19:09:15.8048231-05:00	.jsonl	225713	da42933e-50da-4dfa-8ab6-2d52659ea82c\subagents\agent-af8ac33f7ff1fa8b6.jsonl
2026-04-19T19:09:04.0494329-05:00	.jsonl	331897	da42933e-50da-4dfa-8ab6-2d52659ea82c\subagents\agent-a3e02e1f7c3b4e46f.jsonl
2026-04-19T19:04:06.2589348-05:00	.json	72	da42933e-50da-4dfa-8ab6-2d52659ea82c\subagents\agent-af8ac33f7ff1fa8b6.meta.json
2026-04-19T19:03:44.9047144-05:00	.json	77	da42933e-50da-4dfa-8ab6-2d52659ea82c\subagents\agent-a3e02e1f7c3b4e46f.meta.json
2026-04-19T19:02:54.8376705-05:00	.json	73	a1754333-03dc-4b04-895d-f29e452a6343\subagents\agent-a99536e1702defce9.meta.json
2026-04-19T18:59:30.0479544-05:00	.jsonl	124484	3dbeadf9-4c07-4eeb-a378-a62e93d528f5\subagents\agent-ab1e11c7b14e93467.jsonl
2026-04-19T18:58:19.0635345-05:00	.jsonl	10211743	0d9fa4cf-3d49-4c7b-9769-3ec998532060.jsonl
2026-04-19T18:57:57.1382144-05:00	.json	70	3dbeadf9-4c07-4eeb-a378-a62e93d528f5\subagents\agent-ab1e11c7b14e93467.meta.json
2026-04-19T18:57:16.3020881-05:00	.jsonl	70317	3dbeadf9-4c07-4eeb-a378-a62e93d528f5\subagents\agent-a077ab4b45c7b0365.jsonl
2026-04-19T18:53:41.6891519-05:00	.jsonl	230087	3dbeadf9-4c07-4eeb-a378-a62e93d528f5\subagents\agent-aad5cb6133361cd72.jsonl
2026-04-19T18:47:18.8702906-05:00	.jsonl	146678	3dbeadf9-4c07-4eeb-a378-a62e93d528f5\subagents\agent-a0c0d5356edc1279d.jsonl
2026-04-19T18:46:18.6613870-05:00	.md	2788	PHASE_2_COMPLETION_SUMMARY_2026-04-19.md
2026-04-19T18:45:27.1172747-05:00	.json	93	3dbeadf9-4c07-4eeb-a378-a62e93d528f5\subagents\agent-aad5cb6133361cd72.meta.json
2026-04-19T18:45:24.6648182-05:00	.json	109	3dbeadf9-4c07-4eeb-a378-a62e93d528f5\subagents\agent-a077ab4b45c7b0365.meta.json
2026-04-19T18:45:22.7823363-05:00	.json	90	3dbeadf9-4c07-4eeb-a378-a62e93d528f5\subagents\agent-a0c0d5356edc1279d.meta.json
2026-04-19T18:36:38.3753621-05:00	.jsonl	17918106	5a8fd0d4-8ca4-4afd-84c3-c064a9ff817c.jsonl
2026-04-19T18:34:06.2885931-05:00	.md	12193	BLOCKERS_AND_NEXT_STEPS_2026-04-19.md
2026-04-19T18:32:25.3203840-05:00	.md	14161	SESSION_FINAL_SUMMARY_2026-04-19.md
2026-04-19T18:24:55.3308671-05:00	.md	9294	DOCUMENTATION_COMPLETION_2026-04-19.md
2026-04-19T18:20:34.6293622-05:00	.md	21756	SESSION_SUMMARY_2026-04-19.md
2026-04-19T18:07:49.9461998-05:00	.jsonl	56882	db32b2d6-f2f2-439b-b603-8a8568b32e82\subagents\agent-a1327ba038ca433bf.jsonl
2026-04-19T18:07:04.2556482-05:00	.json	98	db32b2d6-f2f2-439b-b603-8a8568b32e82\subagents\agent-a1327ba038ca433bf.meta.json
2026-04-19T18:06:48.0130058-05:00	.jsonl	246000	aa4d81c1-8dff-4f48-a892-30feae297342\subagents\agent-a307dd282ee897a86.jsonl
2026-04-19T18:01:37.4159433-05:00	.json	96	aa4d81c1-8dff-4f48-a892-30feae297342\subagents\agent-a307dd282ee897a86.meta.json
2026-04-19T18:00:25.4172323-05:00	.jsonl	156265	88a66e68-55c2-46d4-88ca-b9cd4ee68434.jsonl
2026-04-19T17:31:07.7254967-05:00	.jsonl	132924	5a8fd0d4-8ca4-4afd-84c3-c064a9ff817c\subagents\agent-a79002d6e7bff1807.jsonl
2026-04-19T17:30:28.5446308-05:00	.json	103	5a8fd0d4-8ca4-4afd-84c3-c064a9ff817c\subagents\agent-a79002d6e7bff1807.meta.json
2026-04-19T17:27:18.2732776-05:00	.jsonl	232710	aa4d81c1-8dff-4f48-a892-30feae297342\subagents\agent-a819a3df15b0141fb.jsonl
2026-04-19T17:27:18.2234485-05:00	.json	67916	aa4d81c1-8dff-4f48-a892-30feae297342\tool-results\toolu_01V9Y592seM8PEZeeQ8PtQXo.json
2026-04-19T17:19:49.3622348-05:00	.json	78	aa4d81c1-8dff-4f48-a892-30feae297342\subagents\agent-a819a3df15b0141fb.meta.json
2026-04-19T17:19:34.7128803-05:00	.jsonl	199717	aa4d81c1-8dff-4f48-a892-30feae297342\subagents\agent-a00a69b66c6389f94.jsonl
2026-04-19T17:19:11.2327487-05:00	.jsonl	203932	db32b2d6-f2f2-439b-b603-8a8568b32e82\subagents\agent-a3aa4d427c8e1dbd8.jsonl
2026-04-19T17:15:36.5606229-05:00	.json	97	aa4d81c1-8dff-4f48-a892-30feae297342\subagents\agent-a00a69b66c6389f94.meta.json
2026-04-19T17:13:52.8701288-05:00	.json	112	db32b2d6-f2f2-439b-b603-8a8568b32e82\subagents\agent-a3aa4d427c8e1dbd8.meta.json
2026-04-19T17:13:48.6146485-05:00	.md	1648	memory\cleanup_sidecars_2026-04-19.md
2026-04-19T17:13:33.1611681-05:00	.md	1869	memory\cleanup_services_arena_2026-04-19.md
2026-04-19T17:13:15.6581057-05:00	.md	1884	memory\cleanup_vault_2026-04-19.md
2026-04-19T17:06:17.3982091-05:00	.jsonl	163912	db32b2d6-f2f2-439b-b603-8a8568b32e82\subagents\agent-a89a396d8d76ce405.jsonl
2026-04-19T16:57:11.5073558-05:00	.md	14295	memory\project_wamp_stack_phase1.md
2026-04-19T16:52:39.9196081-05:00	.json	82	db32b2d6-f2f2-439b-b603-8a8568b32e82\subagents\agent-a89a396d8d76ce405.meta.json
2026-04-19T16:48:26.7822755-05:00	.jsonl	187458	5a8fd0d4-8ca4-4afd-84c3-c064a9ff817c\subagents\agent-a98fbb0ce836d1772.jsonl
2026-04-19T16:47:23.8528760-05:00	.json	87	5a8fd0d4-8ca4-4afd-84c3-c064a9ff817c\subagents\agent-a98fbb0ce836d1772.meta.json
2026-04-19T16:43:45.2914817-05:00	.jsonl	45988	3cd86d56-c4f1-4ab4-be92-116e7a49ca6a.jsonl
2026-04-19T16:42:59.4373365-05:00	.txt	69905	aa4d81c1-8dff-4f48-a892-30feae297342\tool-results\be2grhzjf.txt
2026-04-19T16:21:24.9570102-05:00	.md	8480	memory\cleanup_scanners_afw_2026-04-19.md
2026-04-19T16:18:45.6899601-05:00	.txt	300670	db32b2d6-f2f2-439b-b603-8a8568b32e82\tool-results\b5qlz570f.txt
2026-04-19T16:18:16.3920881-05:00	.txt	401815	db32b2d6-f2f2-439b-b603-8a8568b32e82\tool-results\b2z1qcsz0.txt
2026-04-19T16:16:54.2020498-05:00	.txt	201694	db32b2d6-f2f2-439b-b603-8a8568b32e82\tool-results\brxpy7cm9.txt
2026-04-19T16:16:46.2613768-05:00	.txt	208310	db32b2d6-f2f2-439b-b603-8a8568b32e82\tool-results\bjs3fi8h6.txt
2026-04-19T16:16:33.7529160-05:00	.txt	410461	db32b2d6-f2f2-439b-b603-8a8568b32e82\tool-results\bzdszeh43.txt
2026-04-19T16:12:09.0937248-05:00	.txt	52817	58977fff-9245-4b76-a078-19b4b995f5b5\tool-results\bccr3uvd6.txt
2026-04-19T15:49:48.8794405-05:00	.jsonl	193142	0d9fa4cf-3d49-4c7b-9769-3ec998532060\subagents\agent-af0c4ba9db0b3a22a.jsonl
2026-04-19T15:34:28.8249904-05:00	.json	113	0d9fa4cf-3d49-4c7b-9769-3ec998532060\subagents\agent-af0c4ba9db0b3a22a.meta.json
2026-04-19T15:30:06.2714492-05:00	.md	9667	memory\chunk_e_remainder_triage_2026-04-19.md
2026-04-19T15:28:57.0235822-05:00	.jsonl	7938266	8057a96f-a394-477d-a0c6-286479fc01db.jsonl
2026-04-19T15:25:42.8520764-05:00	.jsonl	155766	15d004b2-7a23-4d19-b039-ba929992b787.jsonl
2026-04-19T15:18:37.1136489-05:00	.jsonl	161337	5e0e5070-6702-4005-a149-73829adac7f6\subagents\agent-a6bf7aa23d8cdea94.jsonl
2026-04-19T15:15:56.3350901-05:00	.json	98	5e0e5070-6702-4005-a149-73829adac7f6\subagents\agent-a6bf7aa23d8cdea94.meta.json
2026-04-19T14:31:22.0438749-05:00	.md	9763	memory\cleanup_core_deferred_2026-04-19.md
2026-04-19T14:30:19.0475869-05:00	.jsonl	140274	44a09711-4897-4674-a06e-c52598923858\subagents\agent-a009cbe13d5e2a9dd.jsonl
2026-04-19T14:22:02.7982061-05:00	.json	71	44a09711-4897-4674-a06e-c52598923858\subagents\agent-a009cbe13d5e2a9dd.meta.json
2026-04-19T14:21:08.1195602-05:00	.jsonl	125461	0d9fa4cf-3d49-4c7b-9769-3ec998532060\subagents\agent-a6d96cbcd2d6a6a53.jsonl
2026-04-19T14:18:44.3413622-05:00	.jsonl	149950	0d9fa4cf-3d49-4c7b-9769-3ec998532060\subagents\agent-aab12e3744af9afab.jsonl
2026-04-19T14:17:37.4607609-05:00	.json	101	0d9fa4cf-3d49-4c7b-9769-3ec998532060\subagents\agent-a6d96cbcd2d6a6a53.meta.json
2026-04-19T14:17:36.1033183-05:00	.json	90	0d9fa4cf-3d49-4c7b-9769-3ec998532060\subagents\agent-aab12e3744af9afab.meta.json
2026-04-19T14:17:25.0299242-05:00	.md	6734	memory\cleanup_state_2026-04-19.md
2026-04-19T14:14:03.4085765-05:00	.md	9833	PHASE_5_SESSION_CLOSURE_2026-04-19.md
2026-04-19T14:13:05.1445139-05:00	.md	8493	FINAL_GIT_LOG_REVIEW_2026-04-19.md
2026-04-19T14:11:22.6352938-05:00	.md	9040	DISPOSITION_CHECKLIST_2026-04-19.md
2026-04-19T14:09:22.7751364-05:00	.md	7437	PHASE_5_EXECUTIVE_SUMMARY_2026-04-19.md
2026-04-19T14:08:40.0386521-05:00	.md	9400	memory\cleanup_redis_2026-04-19.md
2026-04-19T14:06:13.5108070-05:00	.jsonl	4107511	5cae2c1c-f193-4c75-854b-3d30a461485a.jsonl
2026-04-19T14:04:48.7334812-05:00	.jsonl	7297629	fb83c3d4-03f8-417a-bcd3-5e66674de143.jsonl
2026-04-19T14:04:27.3457482-05:00	.jsonl	6312321	83a8dce0-403c-450e-857f-aec680ff4340.jsonl
2026-04-19T14:01:08.5707400-05:00	.txt	59153	fb83c3d4-03f8-417a-bcd3-5e66674de143\tool-results\toolu_01WK7q8St1bD6MCz2HGvcRAf.txt
2026-04-19T13:55:34.8461149-05:00	.md	4856	GRAVEYARD_MANIFEST_2026-04-19.md
2026-04-19T13:52:02.7848954-05:00	.md	8210	memory\cleanup_observability_2026-04-19.md
2026-04-19T13:41:13.8397678-05:00	.md	14499	Q3_CLEANUP_EXECUTION_2026-07-21.md
2026-04-19T13:40:17.8837043-05:00	.md	10075	Q3_DRIFT_AUDIT_EXECUTION_2026-07-19.md
2026-04-19T13:25:46.7785540-05:00	.md	6253	WEBAPP_CORE_SYMLINK_INVESTIGATION_SUMMARY.md
2026-04-19T13:20:02.4720332-05:00	.md	4865	F_DEPARTMENT_MARKETING_ARCHIVED_2026-04-19.md
2026-04-19T13:14:14.5166336-05:00	.jsonl	86750	8057a96f-a394-477d-a0c6-286479fc01db\subagents\agent-aafed27b507bfc6c6.jsonl
2026-04-19T13:08:24.2021009-05:00	.md	7869	memory\cleanup_isolation_2026-04-19.md
2026-04-19T13:01:55.2783019-05:00	.md	14359	CAMPAIGN_COMPLETE_FINAL_REPORT_2026-04-19.md
2026-04-19T13:00:55.7850729-05:00	.json	78	8057a96f-a394-477d-a0c6-286479fc01db\subagents\agent-aafed27b507bfc6c6.meta.json
2026-04-19T12:59:48.2968591-05:00	.md	15787	PHASE_6_CAMPAIGN_CLOSURE_2026-04-19.md
2026-04-19T12:59:05.6468857-05:00	.txt	111238	83a8dce0-403c-450e-857f-aec680ff4340\tool-results\toolu_0151eR7CHYS5q7AN72JTnutu.txt
2026-04-19T12:58:28.9237250-05:00	.md	16403	PHASE_5_MONITORING_COMPLIANCE_2026-04-19.md
2026-04-19T12:51:58.8983842-05:00	.md	6553	memory\cleanup_resilience_2026-04-19.md
2026-04-19T12:50:51.2469570-05:00	.md	10963	PHASE_4_INFRASTRUCTURE_STABILIZATION_2026-04-19.md
2026-04-19T12:48:56.7093336-05:00	.md	10235	SESSION_CHECKPOINT_2026-04-19-SESSION2.md
2026-04-19T12:48:24.3644872-05:00	.jsonl	158085	aa4d81c1-8dff-4f48-a892-30feae297342\subagents\agent-a8a74574138b49cd8.jsonl
2026-04-19T12:48:12.2188463-05:00	.jsonl	250983	aa4d81c1-8dff-4f48-a892-30feae297342\subagents\agent-a8c150355871b7e50.jsonl
2026-04-19T12:47:58.0340177-05:00	.md	9625	30_STEP_PLAN_PROGRESS_2026-04-19.md
2026-04-19T12:47:49.5753308-05:00	.jsonl	225561	aa4d81c1-8dff-4f48-a892-30feae297342\subagents\agent-acab6770bee167693.jsonl
2026-04-19T12:47:32.2824427-05:00	.jsonl	205161	aa4d81c1-8dff-4f48-a892-30feae297342\subagents\agent-a98c67516618c7e04.jsonl
2026-04-19T12:47:12.6557506-05:00	.jsonl	69745	aa4d81c1-8dff-4f48-a892-30feae297342\subagents\agent-ad348811abd2b850b.jsonl
2026-04-19T12:47:10.0653231-05:00	.md	12551	PHASE_3_AUTOMATION_INTEGRATION_2026-04-19.md
2026-04-19T12:46:21.7100500-05:00	.json	116	aa4d81c1-8dff-4f48-a892-30feae297342\subagents\agent-acab6770bee167693.meta.json
2026-04-19T12:46:20.4242010-05:00	.json	108	aa4d81c1-8dff-4f48-a892-30feae297342\subagents\agent-a98c67516618c7e04.meta.json
2026-04-19T12:46:18.8632282-05:00	.json	113	aa4d81c1-8dff-4f48-a892-30feae297342\subagents\agent-a8a74574138b49cd8.meta.json
2026-04-19T12:46:17.6063288-05:00	.json	100	aa4d81c1-8dff-4f48-a892-30feae297342\subagents\agent-a8c150355871b7e50.meta.json
2026-04-19T12:46:16.1023131-05:00	.json	109	aa4d81c1-8dff-4f48-a892-30feae297342\subagents\agent-ad348811abd2b850b.meta.json
2026-04-19T12:45:23.3357541-05:00	.txt	78270	83a8dce0-403c-450e-857f-aec680ff4340\tool-results\toolu_01Y3QvDMxvzYfo2hyW3XZpQZ.txt
2026-04-19T12:44:49.7631968-05:00	.jsonl	254562	8057a96f-a394-477d-a0c6-286479fc01db\subagents\agent-a146b21c5dbe6b46d.jsonl
2026-04-19T12:43:16.3895858-05:00	.json	89	8057a96f-a394-477d-a0c6-286479fc01db\subagents\agent-a146b21c5dbe6b46d.meta.json
2026-04-19T12:43:09.8282684-05:00	.jsonl	102242	8057a96f-a394-477d-a0c6-286479fc01db\subagents\agent-af03972f898e1c7c1.jsonl
2026-04-19T12:42:49.2178414-05:00	.md	14113	TRANSITION_PLAYBOOK_2026-04-19.md
2026-04-19T12:39:32.4563580-05:00	.md	10334	PHASE_2_STAKEHOLDER_BRIEFING_2026-04-19.md
2026-04-19T12:39:29.2666726-05:00	.md	21010	EXECUTION_PLAN_TAILORED_2026-04-19.md
2026-04-19T12:38:22.0478772-05:00	.md	6709	DISPOSITIONS_FINALIZED_2026-04-19.md
2026-04-19T12:35:32.5623181-05:00	.json	79	8057a96f-a394-477d-a0c6-286479fc01db\subagents\agent-af03972f898e1c7c1.meta.json
2026-04-19T06:31:41.6227930-05:00	.md	12673	memory\cleanup_core_2026-04-19.md
2026-04-19T06:10:49.1107633-05:00	.jsonl	181709	aa4d81c1-8dff-4f48-a892-30feae297342\subagents\agent-af4c0c718c18e0992.jsonl
2026-04-19T06:10:10.7599567-05:00	.md	20421	NEXT_30_STEPS_2026-04-19.md
2026-04-19T06:06:16.3855721-05:00	.md	7593	SESSION_STATUS_2026-04-19.md
2026-04-19T06:05:29.6142796-05:00	.txt	189930	0d9fa4cf-3d49-4c7b-9769-3ec998532060\tool-results\b6jnc4fjk.txt
2026-04-19T06:04:43.9202394-05:00	.json	115	aa4d81c1-8dff-4f48-a892-30feae297342\subagents\agent-af4c0c718c18e0992.meta.json
2026-04-19T06:04:33.4613094-05:00	.jsonl	299593	aa4d81c1-8dff-4f48-a892-30feae297342\subagents\agent-a24e3b22630c3bd7a.jsonl
2026-04-19T06:01:42.0454853-05:00	.md	15408	memory\cleanup_mtls_2026-04-19.md
2026-04-19T05:56:08.5929761-05:00	.md	10981	SECRETS_HARDENING_PLAN_2026-04-19.md
2026-04-19T05:47:23.5389809-05:00	.md	15374	FINAL_INFRASTRUCTURE_SNAPSHOT_2026-04-19.md
2026-04-19T05:40:48.8984105-05:00	.json	112	aa4d81c1-8dff-4f48-a892-30feae297342\subagents\agent-a24e3b22630c3bd7a.meta.json
2026-04-19T05:40:36.4440112-05:00	.jsonl	265725	aa4d81c1-8dff-4f48-a892-30feae297342\subagents\agent-ae8223eb86e7ab59b.jsonl
2026-04-19T05:39:39.3904277-05:00	.md	11047	memory\cleanup_crypto_2026-04-19.md
2026-04-19T05:34:06.1932476-05:00	.txt	35541	3dbeadf9-4c07-4eeb-a378-a62e93d528f5\tool-results\bh01x7b5n.txt
2026-04-19T05:32:12.0817431-05:00	.md	3141	backup_manifest_2026-04-19.md
2026-04-19T05:24:29.8540374-05:00	.jsonl	152101	8057a96f-a394-477d-a0c6-286479fc01db\subagents\agent-ab79b970318a05165.jsonl
2026-04-19T05:22:37.1257819-05:00	.jsonl	151420	aa4d81c1-8dff-4f48-a892-30feae297342\subagents\agent-a4372402146178b89.jsonl
2026-04-19T05:22:27.1240440-05:00	.json	118	aa4d81c1-8dff-4f48-a892-30feae297342\subagents\agent-ae8223eb86e7ab59b.meta.json
2026-04-19T05:22:11.6213718-05:00	.txt	39215	83a8dce0-403c-450e-857f-aec680ff4340\tool-results\b5gh0rws2.txt
2026-04-19T05:22:11.0343133-05:00	.jsonl	99683	aa4d81c1-8dff-4f48-a892-30feae297342\subagents\agent-ac12db2013230f872.jsonl
2026-04-19T05:21:43.6182915-05:00	.md	8953	memory\cleanup_middleware_2026-04-19.md
2026-04-19T05:21:28.0289185-05:00	.json	109	aa4d81c1-8dff-4f48-a892-30feae297342\subagents\agent-a4372402146178b89.meta.json
2026-04-19T05:21:23.3308420-05:00	.json	119	aa4d81c1-8dff-4f48-a892-30feae297342\subagents\agent-ac12db2013230f872.meta.json
2026-04-19T05:17:30.5963215-05:00	.json	108	8057a96f-a394-477d-a0c6-286479fc01db\subagents\agent-ab79b970318a05165.meta.json
2026-04-19T05:12:35.7830002-05:00	.jsonl	156528	8057a96f-a394-477d-a0c6-286479fc01db\subagents\agent-ad9f8d8c7ed274587.jsonl
2026-04-19T05:11:17.0756528-05:00	.json	90	8057a96f-a394-477d-a0c6-286479fc01db\subagents\agent-ad9f8d8c7ed274587.meta.json
2026-04-19T05:07:54.7337644-05:00	.jsonl	295225	aa4d81c1-8dff-4f48-a892-30feae297342\subagents\agent-a7768ed275e239ce4.jsonl
2026-04-19T05:00:51.0146781-05:00	.md	6008	memory\cleanup_rbac_2026-04-19.md
2026-04-19T04:59:06.4194571-05:00	.txt	442864	83a8dce0-403c-450e-857f-aec680ff4340\tool-results\bw666ywqe.txt
2026-04-19T04:58:09.6997773-05:00	.md	8410	DISPOSITIONS_EXECUTED_2026-04-19.md
2026-04-19T04:56:37.2742043-05:00	.json	123	aa4d81c1-8dff-4f48-a892-30feae297342\subagents\agent-a7768ed275e239ce4.meta.json
2026-04-19T04:55:13.3945053-05:00	.md	6683	NEXT_ACTIONS_2026-04-19.md
2026-04-19T04:54:06.4523221-05:00	.md	15256	DISPOSITION_RECOMMENDATIONS_2026-04-19.md
2026-04-19T04:50:06.2008629-05:00	.md	10599	PENDING_DISPOSITIONS_2026-04-19.md
2026-04-19T04:44:38.8169250-05:00	.md	9312	PHASES_2_6_EXECUTION_SUMMARY.md
2026-04-19T04:43:02.2908734-05:00	.md	3507	MEMORY_RECONCILIATION_2026-04-19.md
2026-04-19T04:40:02.3325659-05:00	.md	2437	INFRA_VERIFICATION_2026-04-19.md
2026-04-19T04:39:18.0889651-05:00	.md	2343	OBSERVABILITY_DECISION_2026-04-19.md
2026-04-19T04:38:12.9717507-05:00	.txt	1872069	83a8dce0-403c-450e-857f-aec680ff4340\tool-results\byskf5yu6.txt
2026-04-19T04:37:52.9853205-05:00	.md	8640	GRAVEYARD_MANIFEST_2026-04-18.md
2026-04-19T04:36:28.4125477-05:00	.md	5946	memory\cleanup_agentic_infra_2026-04-19.md
2026-04-19T04:35:34.2536379-05:00	.md	7304	PHASE_2_STABILIZE_PLAN.md
2026-04-19T04:35:11.1984906-05:00	.jsonl	1595149	50f03944-90b4-4e21-9c00-bc93bf553f26.jsonl
2026-04-19T04:34:43.6124407-05:00	.jsonl	647699	25959038-1a86-4e9e-893d-854b2764a42d.jsonl
2026-04-19T04:33:40.1852187-05:00	.md	7500	memory\cleanup_webapp_core_2026-04-19.md
2026-04-19T04:28:44.9475565-05:00	.md	17275	PROFILE_REPORT_2026-04-19.md
2026-04-19T04:28:23.6675457-05:00	.jsonl	94721	f0ade6da-303e-40c5-8b8d-c8b3757475b7\subagents\agent-aad1c6bf331de2a8f.jsonl
2026-04-19T04:28:21.9993785-05:00	.md	10198	DRIFT_TRIAGE_REPORT.md
2026-04-19T04:24:01.1002287-05:00	.json	84	f0ade6da-303e-40c5-8b8d-c8b3757475b7\subagents\agent-aad1c6bf331de2a8f.meta.json
2026-04-19T04:21:50.0676059-05:00	.jsonl	55529	f0ade6da-303e-40c5-8b8d-c8b3757475b7\subagents\agent-afe8c32ffe405ab80.jsonl
2026-04-19T04:20:40.4216531-05:00	.json	74	f0ade6da-303e-40c5-8b8d-c8b3757475b7\subagents\agent-afe8c32ffe405ab80.meta.json
2026-04-19T04:19:12.5919245-05:00	.jsonl	608894	98742881-79b8-43f1-acda-5491827fd778.jsonl
2026-04-19T04:18:23.0920998-05:00	.jsonl	104593	f0ade6da-303e-40c5-8b8d-c8b3757475b7\subagents\agent-a16e08ffd60732ebc.jsonl
2026-04-19T04:15:34.9804733-05:00	.json	85	f0ade6da-303e-40c5-8b8d-c8b3757475b7\subagents\agent-a16e08ffd60732ebc.meta.json
2026-04-19T01:00:15.3532989-05:00	.md	38453	HONEST_INFRASTRUCTURE_REVIEW_2026-04-18.md
2026-04-19T00:58:05.2521412-05:00	.md	7370	SESSION_END_2026-04-19.md
2026-04-19T00:54:35.2263201-05:00	.md	16170	SERVICE_MESH_30STEP_EPIC_2026-04-19.md
2026-04-19T00:53:41.4981172-05:00	.md	10760	CLEANUP_LOG_2026-04-18.md
2026-04-19T00:53:16.9966893-05:00	.jsonl	171936	f0ade6da-303e-40c5-8b8d-c8b3757475b7\subagents\agent-a30a897f7a14c9dfd.jsonl
2026-04-19T00:49:39.0880419-05:00	.jsonl	119664	db32b2d6-f2f2-439b-b603-8a8568b32e82\subagents\agent-a5d218d1a3ff45dfb.jsonl
2026-04-19T00:48:49.3134337-05:00	.json	69	f0ade6da-303e-40c5-8b8d-c8b3757475b7\subagents\agent-a30a897f7a14c9dfd.meta.json
2026-04-19T00:48:38.5660898-05:00	.jsonl	163315	db32b2d6-f2f2-439b-b603-8a8568b32e82\subagents\agent-ab039ccdadfb7a95e.jsonl
2026-04-19T00:47:57.9610173-05:00	.json	66	db32b2d6-f2f2-439b-b603-8a8568b32e82\subagents\agent-a5d218d1a3ff45dfb.meta.json
2026-04-19T00:47:44.0193387-05:00	.json	59	db32b2d6-f2f2-439b-b603-8a8568b32e82\subagents\agent-ab039ccdadfb7a95e.meta.json
2026-04-19T00:13:38.6544748-05:00	.md	3861	memory\project_webapp_core_pr_audit_2026-04-19.md
2026-04-19T00:13:00.2170491-05:00	.md	2734	memory\project_webapp_core_locations.md
2026-04-19T00:04:32.8739749-05:00	.jsonl	37850	f0ade6da-303e-40c5-8b8d-c8b3757475b7\subagents\agent-a27728085b660f1f4.jsonl
2026-04-18T23:59:45.5987445-05:00	.json	84	f0ade6da-303e-40c5-8b8d-c8b3757475b7\subagents\agent-a27728085b660f1f4.meta.json
2026-04-18T23:58:39.4295241-05:00	.jsonl	141239	f0ade6da-303e-40c5-8b8d-c8b3757475b7\subagents\agent-ab3477322a5c2ceff.jsonl
2026-04-18T23:51:24.7266938-05:00	.md	7471	WORKBENCH_DEV_ADDENDUM_2026-04-18.md
2026-04-18T23:50:23.1891404-05:00	.json	81	f0ade6da-303e-40c5-8b8d-c8b3757475b7\subagents\agent-ab3477322a5c2ceff.meta.json
2026-04-18T23:49:28.6820393-05:00	.jsonl	54713	f0ade6da-303e-40c5-8b8d-c8b3757475b7\subagents\agent-ab21f105680403f25.jsonl
2026-04-18T23:48:52.0746784-05:00	.json	84	f0ade6da-303e-40c5-8b8d-c8b3757475b7\subagents\agent-ab21f105680403f25.meta.json
2026-04-18T23:48:01.8238847-05:00	.jsonl	44023	f0ade6da-303e-40c5-8b8d-c8b3757475b7\subagents\agent-ad8b23ba35ef92ef3.jsonl
2026-04-18T23:46:17.4989566-05:00	.md	21133	SERVICE_MESH_INVENTORY_AND_PLAN_2026-04-18.md
2026-04-18T23:46:10.6191553-05:00	.json	82	f0ade6da-303e-40c5-8b8d-c8b3757475b7\subagents\agent-ad8b23ba35ef92ef3.meta.json
2026-04-18T23:45:06.2198215-05:00	.jsonl	24630	f0ade6da-303e-40c5-8b8d-c8b3757475b7\subagents\agent-a6f4c40220283713a.jsonl
2026-04-18T23:45:02.3576062-05:00	.jsonl	176509	5e0e5070-6702-4005-a149-73829adac7f6\subagents\agent-a9f5492d2cc244006.jsonl
2026-04-18T23:44:35.4972284-05:00	.json	83	f0ade6da-303e-40c5-8b8d-c8b3757475b7\subagents\agent-a6f4c40220283713a.meta.json
2026-04-18T23:39:21.4505445-05:00	.jsonl	55042	bb9a6991-4473-4c4e-a97c-f480637c31b1.jsonl
2026-04-18T23:36:05.6503263-05:00	.jsonl	106459	5e0e5070-6702-4005-a149-73829adac7f6\subagents\agent-a981762f3e2c3835c.jsonl
2026-04-18T23:34:12.2386046-05:00	.jsonl	163326	5e0e5070-6702-4005-a149-73829adac7f6\subagents\agent-ad37ce124714bba57.jsonl
2026-04-18T23:32:58.6099654-05:00	.json	87	5e0e5070-6702-4005-a149-73829adac7f6\subagents\agent-a9f5492d2cc244006.meta.json
2026-04-18T23:32:51.6914655-05:00	.json	74	5e0e5070-6702-4005-a149-73829adac7f6\subagents\agent-a981762f3e2c3835c.meta.json
2026-04-18T23:32:47.6102496-05:00	.json	95	5e0e5070-6702-4005-a149-73829adac7f6\subagents\agent-ad37ce124714bba57.meta.json
2026-04-18T23:32:20.2883947-05:00	.jsonl	190135	f0ade6da-303e-40c5-8b8d-c8b3757475b7\subagents\agent-a78a54a9493da00e3.jsonl
2026-04-18T23:24:21.9308571-05:00	.json	72	f0ade6da-303e-40c5-8b8d-c8b3757475b7\subagents\agent-a78a54a9493da00e3.meta.json
2026-04-18T23:18:50.6821709-05:00	.jsonl	10107	f0ade6da-303e-40c5-8b8d-c8b3757475b7\subagents\agent-a1100378c18cd9419.jsonl
2026-04-18T23:18:38.2465659-05:00	.json	73	f0ade6da-303e-40c5-8b8d-c8b3757475b7\subagents\agent-a1100378c18cd9419.meta.json
2026-04-18T23:14:56.3145538-05:00	.jsonl	376565	db32b2d6-f2f2-439b-b603-8a8568b32e82\subagents\agent-a6f985695d25c6257.jsonl
2026-04-18T23:13:19.3393095-05:00	.md	6676	MIGRATION_STATE.md
2026-04-18T23:09:29.5931139-05:00	.jsonl	68464	13aec44a-87a0-4b0b-aba0-92097ddd23ce.jsonl
2026-04-18T23:01:59.2938082-05:00	.bak-pre-purge-20260418-230159	497	memory\MEMORY.md.bak-pre-purge-20260418-230159
2026-04-18T22:58:14.8607229-05:00	.md	11588	TOP10_FEATURES_2026-04-18.md
2026-04-18T22:55:51.8398442-05:00	.jsonl	218523	5a8fd0d4-8ca4-4afd-84c3-c064a9ff817c\subagents\agent-a74614ab570275dc1.jsonl
2026-04-18T22:52:39.2028663-05:00	.json	87	db32b2d6-f2f2-439b-b603-8a8568b32e82\subagents\agent-a6f985695d25c6257.meta.json
2026-04-18T22:51:35.7050496-05:00	.jsonl	196078	fb83c3d4-03f8-417a-bcd3-5e66674de143\subagents\agent-ad969c38b6db42241.jsonl
2026-04-18T22:51:03.4255562-05:00	.jsonl	189637	db32b2d6-f2f2-439b-b603-8a8568b32e82\subagents\agent-a07b561f9c12d4662.jsonl
2026-04-18T22:50:32.7278660-05:00	.jsonl	246031	fb83c3d4-03f8-417a-bcd3-5e66674de143\subagents\agent-a6df3044b125566ac.jsonl
2026-04-18T22:49:17.5420302-05:00	.jsonl	204446	db32b2d6-f2f2-439b-b603-8a8568b32e82\subagents\agent-abf4a7a0195335303.jsonl
2026-04-18T22:48:35.2763360-05:00	.jsonl	216779	db32b2d6-f2f2-439b-b603-8a8568b32e82\subagents\agent-a6e5e23d0cd7fb41f.jsonl
2026-04-18T22:48:33.6963620-05:00	.jsonl	158717	5a8fd0d4-8ca4-4afd-84c3-c064a9ff817c\subagents\agent-ac86cc16611a68492.jsonl
2026-04-18T22:48:14.0667696-05:00	.json	71	fb83c3d4-03f8-417a-bcd3-5e66674de143\subagents\agent-ad969c38b6db42241.meta.json
2026-04-18T22:48:03.2152904-05:00	.json	70	fb83c3d4-03f8-417a-bcd3-5e66674de143\subagents\agent-a6df3044b125566ac.meta.json
2026-04-18T22:39:20.1862863-05:00	.jsonl	71422	f30f5f62-0afd-44ca-8555-b5cd32299273.jsonl
2026-04-18T22:39:02.8953894-05:00	.json	84	db32b2d6-f2f2-439b-b603-8a8568b32e82\subagents\agent-abf4a7a0195335303.meta.json
2026-04-18T22:38:20.0197052-05:00	.json	78	db32b2d6-f2f2-439b-b603-8a8568b32e82\subagents\agent-a07b561f9c12d4662.meta.json
2026-04-18T22:37:43.4566445-05:00	.json	84	db32b2d6-f2f2-439b-b603-8a8568b32e82\subagents\agent-a6e5e23d0cd7fb41f.meta.json
2026-04-18T22:29:13.3925680-05:00	.jsonl	169708	db32b2d6-f2f2-439b-b603-8a8568b32e82\subagents\agent-a314262835a417bac.jsonl
2026-04-18T22:28:33.3905420-05:00	.jsonl	63517	db32b2d6-f2f2-439b-b603-8a8568b32e82\subagents\agent-a28caa6d421cf2ec4.jsonl
2026-04-18T22:26:54.5905206-05:00	.json	93	db32b2d6-f2f2-439b-b603-8a8568b32e82\subagents\agent-a28caa6d421cf2ec4.meta.json
2026-04-18T22:26:44.0813360-05:00	.json	69	db32b2d6-f2f2-439b-b603-8a8568b32e82\subagents\agent-a314262835a417bac.meta.json
2026-04-18T22:25:14.3076685-05:00	.jsonl	74867	957f445a-188b-4f15-9116-32a2575325af.jsonl
2026-04-18T22:20:45.3852122-05:00	.jsonl	184270	5a8fd0d4-8ca4-4afd-84c3-c064a9ff817c\subagents\agent-ac1aa1c7be535e43c.jsonl
2026-04-18T22:17:49.6191122-05:00	.json	74	5a8fd0d4-8ca4-4afd-84c3-c064a9ff817c\subagents\agent-ac1aa1c7be535e43c.meta.json
2026-04-18T22:17:43.5985911-05:00	.md	2898	memory\feedback_no_fabricated_execution.md
2026-04-18T22:17:29.0029079-05:00	.json	61	5a8fd0d4-8ca4-4afd-84c3-c064a9ff817c\subagents\agent-a74614ab570275dc1.meta.json
2026-04-18T22:17:18.6250422-05:00	.json	61	5a8fd0d4-8ca4-4afd-84c3-c064a9ff817c\subagents\agent-ac86cc16611a68492.meta.json
2026-04-18T18:09:19.8714613-05:00	.jsonl	103164	4223e053-5629-4e4d-bdee-c81e1060e9b5.jsonl
2026-04-18T17:38:37.6960701-05:00	.jsonl	18659	cee5eec3-9398-4bad-88ca-2af766c3a885.jsonl
2026-04-18T17:18:35.5014171-05:00	.jsonl	883801	ea67ec49-58aa-42b7-95b1-7bf738ffb8a1.jsonl
2026-04-18T17:18:34.1150556-05:00	.jsonl	1403509	a2bdbbe6-9862-45e4-8693-c5dd8d4ee3ad.jsonl
2026-04-18T17:18:30.6824653-05:00	.jsonl	181710	ea67ec49-58aa-42b7-95b1-7bf738ffb8a1\subagents\agent-a6d70f5c524a1a0be.jsonl
2026-04-18T17:18:03.1681197-05:00	.jsonl	251955	ea67ec49-58aa-42b7-95b1-7bf738ffb8a1\subagents\agent-a8df40cde42c1ecbf.jsonl
2026-04-18T17:18:02.7956579-05:00	.jsonl	221644	ea67ec49-58aa-42b7-95b1-7bf738ffb8a1\subagents\agent-a97c999f3d25f2fa8.jsonl
2026-04-18T17:18:01.4192198-05:00	.jsonl	1040663	4d26fc8c-cf63-492a-aec6-e9a077d33e02.jsonl
2026-04-18T17:18:01.0808090-05:00	.jsonl	2580781	3a51b4a1-bb0c-4833-a2ab-c0cda5dc4b87.jsonl
2026-04-18T17:17:48.0642249-05:00	.jsonl	699622	84ef16ae-56c9-4eec-8367-a2f66af4e681.jsonl
2026-04-18T17:17:35.0856351-05:00	.jsonl	284699	06e1dca9-1bfd-4cc9-abc7-cc898ec11888\subagents\agent-a401598dd09886980.jsonl
2026-04-18T17:17:20.0453525-05:00	.jsonl	266501	369b24ed-3814-4e8d-925f-0de2d698e32e\subagents\agent-abb73d2f0bbb7ec39.jsonl
2026-04-18T17:17:08.6631621-05:00	.jsonl	249690	ea67ec49-58aa-42b7-95b1-7bf738ffb8a1\subagents\agent-a965d2fdd648d9b15.jsonl
2026-04-18T17:16:57.7208967-05:00	.jsonl	285755	ea67ec49-58aa-42b7-95b1-7bf738ffb8a1\subagents\agent-a88c291e47781c979.jsonl
2026-04-18T17:16:40.0056778-05:00	.md	15466	core\policy-engine\INTEGRATION_GUIDE.md
2026-04-18T17:16:10.4710297-05:00	.jsonl	267835	ea67ec49-58aa-42b7-95b1-7bf738ffb8a1\subagents\agent-a6bc37b1555d9324a.jsonl
2026-04-18T17:16:09.8310691-05:00	.jsonl	293207	ea67ec49-58aa-42b7-95b1-7bf738ffb8a1\subagents\agent-a9e14653df223bf13.jsonl
2026-04-18T17:15:13.1760308-05:00	.jsonl	312672	ea67ec49-58aa-42b7-95b1-7bf738ffb8a1\subagents\agent-aa43af0fd64f5a60f.jsonl
2026-04-18T17:14:36.3222137-05:00	.jsonl	264088	ea67ec49-58aa-42b7-95b1-7bf738ffb8a1\subagents\agent-acb8c5911ac7ce197.jsonl
2026-04-18T17:14:25.6765953-05:00	.md	9842	core\policy-engine\ACCEPTANCE_CHECKLIST.md
2026-04-18T17:14:14.0501809-05:00	.jsonl	793012	06e1dca9-1bfd-4cc9-abc7-cc898ec11888.jsonl
2026-04-18T17:14:13.9249008-05:00	.jsonl	268916	06e1dca9-1bfd-4cc9-abc7-cc898ec11888\subagents\agent-ac5ce6c9c253c14e5.jsonl
2026-04-18T17:13:38.7178420-05:00	.md	13292	core\policy-engine\README.md
2026-04-18T17:13:36.5009216-05:00	.jsonl	3640422	6ea9df90-e2ef-40ef-95f3-4fc23a38b11f.jsonl
2026-04-18T17:13:16.3466983-05:00	.md	22863	deliverables\phase1_deployment_runbook.md
2026-04-18T17:13:11.3693208-05:00	.md	16026	SECURITY_AUDIT_ENV_VAR_REGISTRY.md
2026-04-18T17:12:52.1386284-05:00	.md	12376	plans\AUTONOMOUS_EXECUTION_PROTOCOL.md
2026-04-18T17:12:13.3068222-05:00	.jsonl	42429	ea67ec49-58aa-42b7-95b1-7bf738ffb8a1\subagents\agent-a070ff8ab42ec1c41.jsonl
2026-04-18T17:12:06.4240467-05:00	.jsonl	3775160	4569694c-f49b-48b2-a9d7-9c557913e245.jsonl
2026-04-18T17:11:10.9898824-05:00	.ts	1715	core\policy-engine\src\index.ts
2026-04-18T17:10:53.1623969-05:00	.jsonl	239482	06e1dca9-1bfd-4cc9-abc7-cc898ec11888\subagents\agent-a9133d0f5bf4bfb93.jsonl
2026-04-18T17:10:27.0863048-05:00	.md	43743	deliverables\phase1_test_strategy.md
2026-04-18T17:09:29.1251474-05:00	.json	825	core\policy-engine\tsconfig.json
2026-04-18T17:09:12.8319871-05:00	.json	100	ea67ec49-58aa-42b7-95b1-7bf738ffb8a1\subagents\agent-a965d2fdd648d9b15.meta.json
2026-04-18T17:09:09.4403825-05:00	.json	91	ea67ec49-58aa-42b7-95b1-7bf738ffb8a1\subagents\agent-a97c999f3d25f2fa8.meta.json
2026-04-18T17:09:06.9578985-05:00	.json	91	ea67ec49-58aa-42b7-95b1-7bf738ffb8a1\subagents\agent-acb8c5911ac7ce197.meta.json
2026-04-18T17:09:04.4248689-05:00	.json	99	ea67ec49-58aa-42b7-95b1-7bf738ffb8a1\subagents\agent-a070ff8ab42ec1c41.meta.json
2026-04-18T17:09:01.2516731-05:00	.json	96	ea67ec49-58aa-42b7-95b1-7bf738ffb8a1\subagents\agent-a6d70f5c524a1a0be.meta.json
2026-04-18T17:08:58.4469464-05:00	.json	96	ea67ec49-58aa-42b7-95b1-7bf738ffb8a1\subagents\agent-a8df40cde42c1ecbf.meta.json
2026-04-18T17:08:55.0559955-05:00	.json	88	ea67ec49-58aa-42b7-95b1-7bf738ffb8a1\subagents\agent-aa43af0fd64f5a60f.meta.json
2026-04-18T17:08:52.1110610-05:00	.json	100	ea67ec49-58aa-42b7-95b1-7bf738ffb8a1\subagents\agent-a6bc37b1555d9324a.meta.json
2026-04-18T17:08:49.2750827-05:00	.json	96	ea67ec49-58aa-42b7-95b1-7bf738ffb8a1\subagents\agent-a9e14653df223bf13.meta.json
2026-04-18T17:08:46.3312319-05:00	.json	96	ea67ec49-58aa-42b7-95b1-7bf738ffb8a1\subagents\agent-a88c291e47781c979.meta.json
2026-04-18T17:08:40.7044222-05:00	.json	1446	core\policy-engine\package.json
2026-04-18T17:08:35.0024932-05:00	.md	10518	PHASE_2_IMPLEMENTATION_PLAN.md
2026-04-18T17:08:24.9926856-05:00	.md	10806	core\policy-engine\docs\POLICY-DSL.md
2026-04-18T17:07:31.1270646-05:00	.jsonl	263232	ea67ec49-58aa-42b7-95b1-7bf738ffb8a1\subagents\agent-a7d0e9cc8118f9be6.jsonl
2026-04-18T17:06:35.6779319-05:00	.jsonl	246344	ea67ec49-58aa-42b7-95b1-7bf738ffb8a1\subagents\agent-a409c1206df3949bc.jsonl
2026-04-18T17:06:01.6663023-05:00	.yaml	827	core\policy-engine\rules\review-policy.yaml
2026-04-18T17:05:47.8295536-05:00	.jsonl	235382	ea67ec49-58aa-42b7-95b1-7bf738ffb8a1\subagents\agent-add4e44a08eed386c.jsonl
2026-04-18T17:05:35.6494373-05:00	.jsonl	316420	ea67ec49-58aa-42b7-95b1-7bf738ffb8a1\subagents\agent-aa7357d2da2862b84.jsonl
2026-04-18T17:05:32.9136232-05:00	.jsonl	243671	ea67ec49-58aa-42b7-95b1-7bf738ffb8a1\subagents\agent-a10c7109f4bb0adeb.jsonl
2026-04-18T17:05:27.1619448-05:00	.jsonl	1802931	314824b0-29d6-41b8-8659-ae49972557c1.jsonl
2026-04-18T17:04:56.0885367-05:00	.jsonl	276157	ea67ec49-58aa-42b7-95b1-7bf738ffb8a1\subagents\agent-aaff8fe17f3bc7ac1.jsonl
2026-04-18T17:04:54.3603097-05:00	.yaml	725	core\policy-engine\rules\security-requirement.yaml
2026-04-18T17:04:46.8896433-05:00	.yaml	693	core\policy-engine\rules\large-pr-sample.yaml
2026-04-18T17:04:38.1206363-05:00	.ts	12420	core\policy-engine\tests\builtin-policies.test.ts
2026-04-18T17:04:36.1501538-05:00	.md	10917	memory\_QUARANTINE_2026-04-18\AGENT_ENV_VAR_PROCEDURES.md
2026-04-18T17:04:32.4277301-05:00	.jsonl	322267	ea67ec49-58aa-42b7-95b1-7bf738ffb8a1\subagents\agent-a8501583c9ddef9b4.jsonl
2026-04-18T17:04:31.5671989-05:00	.jsonl	247286	ea67ec49-58aa-42b7-95b1-7bf738ffb8a1\subagents\agent-a973bd0f16371b4f7.jsonl
2026-04-18T17:04:23.9530898-05:00	.jsonl	286387	ea67ec49-58aa-42b7-95b1-7bf738ffb8a1\subagents\agent-aaaaf71637a8e1b01.jsonl
2026-04-18T17:04:07.8274034-05:00	.jsonl	217789	ea67ec49-58aa-42b7-95b1-7bf738ffb8a1\subagents\agent-a3781ba125fa9c737.jsonl
2026-04-18T17:04:05.1658417-05:00	.md	7551	REAL_EXECUTION_STATUS.md
2026-04-18T17:04:00.4988729-05:00	.md	46732	deliverables\phase1_implementation_spec.md
2026-04-18T17:03:53.1189515-05:00	.ts	13234	core\policy-engine\tests\policy-engine.test.ts
2026-04-18T17:03:51.2940255-05:00	.md	8928	memory\_QUARANTINE_2026-04-18\ENV_VAR_REGISTRY_SERVICE.md
2026-04-18T17:00:48.7930428-05:00	.md	22473	deliverables\phase1_architecture_design.md
2026-04-18T17:00:39.9883579-05:00	.ts	1581	core\policy-engine\src\builtin-policies\index.ts
2026-04-18T17:00:35.9124583-05:00	.md	6714	EXECUTION_LOG_HOUR_0.md
2026-04-18T17:00:29.4071592-05:00	.ts	1221	core\policy-engine\src\builtin-policies\compliance-policy.ts
2026-04-18T16:59:55.2283390-05:00	.json	97	06e1dca9-1bfd-4cc9-abc7-cc898ec11888\subagents\agent-ac5ce6c9c253c14e5.meta.json
2026-04-18T16:59:47.5003208-05:00	.json	86	06e1dca9-1bfd-4cc9-abc7-cc898ec11888\subagents\agent-a9133d0f5bf4bfb93.meta.json
2026-04-18T16:59:45.7750922-05:00	.ts	1157	core\policy-engine\src\builtin-policies\author-reputation-policy.ts
2026-04-18T16:59:39.0363486-05:00	.json	100	06e1dca9-1bfd-4cc9-abc7-cc898ec11888\subagents\agent-a401598dd09886980.meta.json
2026-04-18T16:59:38.6558865-05:00	.jsonl	5882	06e1dca9-1bfd-4cc9-abc7-cc898ec11888\subagents\agent-aac3d7ff5740e2ba8.jsonl
2026-04-18T16:59:31.0496145-05:00	.json	87	06e1dca9-1bfd-4cc9-abc7-cc898ec11888\subagents\agent-aac3d7ff5740e2ba8.meta.json
2026-04-18T16:59:07.8022101-05:00	.md	6929	HEARTBEAT_24HR_EXECUTION.md
2026-04-18T16:59:05.8968930-05:00	.json	94	ea67ec49-58aa-42b7-95b1-7bf738ffb8a1\subagents\agent-a409c1206df3949bc.meta.json
2026-04-18T16:59:00.9892051-05:00	.json	107	ea67ec49-58aa-42b7-95b1-7bf738ffb8a1\subagents\agent-aaaaf71637a8e1b01.meta.json
2026-04-18T16:58:56.8298459-05:00	.json	106	ea67ec49-58aa-42b7-95b1-7bf738ffb8a1\subagents\agent-a3781ba125fa9c737.meta.json
2026-04-18T16:58:53.5944246-05:00	.json	88	ea67ec49-58aa-42b7-95b1-7bf738ffb8a1\subagents\agent-aaff8fe17f3bc7ac1.meta.json
2026-04-18T16:58:49.8928573-05:00	.json	90	ea67ec49-58aa-42b7-95b1-7bf738ffb8a1\subagents\agent-a10c7109f4bb0adeb.meta.json
2026-04-18T16:58:46.1418377-05:00	.json	91	ea67ec49-58aa-42b7-95b1-7bf738ffb8a1\subagents\agent-aa7357d2da2862b84.meta.json
2026-04-18T16:58:42.3207114-05:00	.json	96	ea67ec49-58aa-42b7-95b1-7bf738ffb8a1\subagents\agent-a973bd0f16371b4f7.meta.json
2026-04-18T16:58:39.0943979-05:00	.json	98	ea67ec49-58aa-42b7-95b1-7bf738ffb8a1\subagents\agent-a7d0e9cc8118f9be6.meta.json
2026-04-18T16:58:34.6945841-05:00	.json	108	ea67ec49-58aa-42b7-95b1-7bf738ffb8a1\subagents\agent-a8501583c9ddef9b4.meta.json
2026-04-18T16:58:31.6632335-05:00	.json	112	ea67ec49-58aa-42b7-95b1-7bf738ffb8a1\subagents\agent-add4e44a08eed386c.meta.json
2026-04-18T16:58:21.6117947-05:00	.md	7250	CONSOLIDATED_500_RECOMMENDATIONS.md
2026-04-18T16:58:06.3337563-05:00	.json	13846	HOUR_0_TASK_DEFINITIONS.json
2026-04-18T16:57:59.3840906-05:00	.ts	1180	core\policy-engine\src\builtin-policies\documentation-policy.ts
2026-04-18T16:45:44.6697478-05:00	.jsonl	5161607	cfdbf42d-7abe-4546-ae08-73afa18ed092.jsonl
2026-04-18T16:45:29.1586482-05:00	.jsonl	231952	cfdbf42d-7abe-4546-ae08-73afa18ed092\subagents\agent-a150d877cf48a6114.jsonl
2026-04-18T16:45:09.5061440-05:00	.md	14187	memory\_QUARANTINE_2026-04-18\TEAM_REQUIREMENTS_MASTER_INDEX.md
2026-04-18T16:44:24.6328095-05:00	.txt	22977	memory\_QUARANTINE_2026-04-18\TEAM_REQUIREMENTS_FINAL_REPORT.txt
2026-04-18T16:44:17.4141366-05:00	.jsonl	1523665	48e72be8-6e4b-4b3b-a5a3-9cea48a21ee7.jsonl
2026-04-18T16:43:37.6871039-05:00	.jsonl	250201	48e72be8-6e4b-4b3b-a5a3-9cea48a21ee7\subagents\agent-a5805a7d97a7915e9.jsonl
2026-04-18T16:43:30.8044185-05:00	.jsonl	293142	cfdbf42d-7abe-4546-ae08-73afa18ed092\subagents\agent-a955a1938d6ceb096.jsonl
2026-04-18T16:43:23.1535461-05:00	.md	28301	memory\_QUARANTINE_2026-04-18\DETAILED_ROLE_DESCRIPTIONS_AND_HIRING.md
2026-04-18T16:42:44.2852277-05:00	.jsonl	759952	74d82eb8-af46-47f7-af7e-5f9e211e1af5.jsonl
2026-04-18T16:42:43.1691628-05:00	.jsonl	371478	48e72be8-6e4b-4b3b-a5a3-9cea48a21ee7\subagents\agent-afa3ef6bd37eabc12.jsonl
2026-04-18T16:42:35.2927795-05:00	.jsonl	137326	74d82eb8-af46-47f7-af7e-5f9e211e1af5\subagents\agent-a8fa8c8c7e0c630a8.jsonl
2026-04-18T16:42:13.6795684-05:00	.txt	12948	memory\_QUARANTINE_2026-04-18\TEAM_REQUIREMENTS_EXECUTIVE_BRIEF.txt
2026-04-18T16:41:49.0939487-05:00	.md	12559	memory\_QUARANTINE_2026-04-18\GITAI_MASTER_INDEX.md
2026-04-18T16:41:40.2852165-05:00	.jsonl	171748	cfdbf42d-7abe-4546-ae08-73afa18ed092\subagents\agent-af866d0b14f8e9ef3.jsonl
2026-04-18T16:41:37.8308944-05:00	.md	29866	memory\_QUARANTINE_2026-04-18\TEAM_SKILLS_AND_RESOURCES_REQUIRED.md
2026-04-18T16:41:22.5504071-05:00	.jsonl	7535601	fcbddd7e-f303-49c8-84a1-511989141c10.jsonl
2026-04-18T16:41:18.9829095-05:00	.ts	1115	core\policy-engine\src\builtin-policies\hotfix-exemption-policy.ts
2026-04-18T16:41:08.8574305-05:00	.jsonl	180209	74d82eb8-af46-47f7-af7e-5f9e211e1af5\subagents\agent-a3b76baa1deb71eff.jsonl
2026-04-18T16:40:43.5116974-05:00	.md	9716	memory\_QUARANTINE_2026-04-18\GITAI_EXECUTIVE_SUMMARY_REFERENCE.md
2026-04-18T16:40:25.4582592-05:00	.md	32050	memory\_QUARANTINE_2026-04-18\GITAI_QA_VALIDATION_REPORT.md
2026-04-18T16:40:20.9311084-05:00	.jsonl	8739380	d86c60f0-5bfe-4e44-82ef-832d071a6e13.jsonl
2026-04-18T16:40:17.1081897-05:00	.jsonl	341205	48e72be8-6e4b-4b3b-a5a3-9cea48a21ee7\subagents\agent-a92f9aa0eadafd552.jsonl
2026-04-18T16:40:07.8636529-05:00	.md	25042	memory\_QUARANTINE_2026-04-18\GITAI_PRODUCTION_READINESS_CHECKLIST.md
2026-04-18T16:39:50.1603127-05:00	.json	94	cfdbf42d-7abe-4546-ae08-73afa18ed092\subagents\agent-a150d877cf48a6114.meta.json
2026-04-18T16:39:43.8844104-05:00	.json	106	cfdbf42d-7abe-4546-ae08-73afa18ed092\subagents\agent-a955a1938d6ceb096.meta.json
2026-04-18T16:39:35.0424928-05:00	.json	110	cfdbf42d-7abe-4546-ae08-73afa18ed092\subagents\agent-af866d0b14f8e9ef3.meta.json
2026-04-18T16:39:34.8125888-05:00	.md	9354	plans\HOUR_0_LAUNCH_SEQUENCE.md
2026-04-18T16:39:29.0115820-05:00	.jsonl	286395	48e72be8-6e4b-4b3b-a5a3-9cea48a21ee7\subagents\agent-a66c62d1dfd233b5f.jsonl
2026-04-18T16:38:40.9759248-05:00	.jsonl	3561009	66e9c84d-fc6d-4913-8433-b4fc9b37f622.jsonl
2026-04-18T16:38:40.5708328-05:00	.json	130	74d82eb8-af46-47f7-af7e-5f9e211e1af5\subagents\agent-a8fa8c8c7e0c630a8.meta.json
2026-04-18T16:38:32.9992620-05:00	.jsonl	8394	74d82eb8-af46-47f7-af7e-5f9e211e1af5\subagents\agent-a27c64dbaf13f6984.jsonl
2026-04-18T16:38:27.5391161-05:00	.json	129	74d82eb8-af46-47f7-af7e-5f9e211e1af5\subagents\agent-a27c64dbaf13f6984.meta.json
2026-04-18T16:38:12.3964978-05:00	.json	137	74d82eb8-af46-47f7-af7e-5f9e211e1af5\subagents\agent-a3b76baa1deb71eff.meta.json
2026-04-18T16:38:05.1310240-05:00	.jsonl	120140	d86c60f0-5bfe-4e44-82ef-832d071a6e13\subagents\agent-a1d989f48bc142544.jsonl
2026-04-18T16:37:49.7367470-05:00	.jsonl	74615	74d82eb8-af46-47f7-af7e-5f9e211e1af5\subagents\agent-a44f4d2c87baf7b3a.jsonl
2026-04-18T16:37:40.0439075-05:00	.md	60078	memory\_QUARANTINE_2026-04-18\GITAI_TEAM_ONBOARDING.md
2026-04-18T16:37:36.9953989-05:00	.jsonl	256286	48e72be8-6e4b-4b3b-a5a3-9cea48a21ee7\subagents\agent-a41e21cedb8fc6301.jsonl
2026-04-18T16:37:09.2009628-05:00	.jsonl	55857	74d82eb8-af46-47f7-af7e-5f9e211e1af5\subagents\agent-a72b94e1cf24c795e.jsonl
2026-04-18T16:37:02.4717177-05:00	.jsonl	56113	74d82eb8-af46-47f7-af7e-5f9e211e1af5\subagents\agent-a7c363b7d0e7853cb.jsonl
2026-04-18T16:36:50.7133438-05:00	.md	41303	memory\_QUARANTINE_2026-04-18\GITAI_TESTING_STRATEGY.md
2026-04-18T16:36:50.6606416-05:00	.jsonl	124342	74d82eb8-af46-47f7-af7e-5f9e211e1af5\subagents\agent-a33465c76fe53e564.jsonl
2026-04-18T16:36:45.1130546-05:00	.md	36007	memory\_QUARANTINE_2026-04-18\GITAI_ARCHITECTURE_DECISIONS.md
2026-04-18T16:36:34.4429805-05:00	.md	39238	memory\_QUARANTINE_2026-04-18\GITAI_PHASE_1_IMPLEMENTATION_ROADMAP.md
2026-04-18T16:35:37.5843434-05:00	.jsonl	271109	48e72be8-6e4b-4b3b-a5a3-9cea48a21ee7\subagents\agent-a5ca3eb109316d5b1.jsonl
2026-04-18T16:35:27.0038151-05:00	.json	118	74d82eb8-af46-47f7-af7e-5f9e211e1af5\subagents\agent-a44f4d2c87baf7b3a.meta.json
2026-04-18T16:35:13.4968052-05:00	.json	113	74d82eb8-af46-47f7-af7e-5f9e211e1af5\subagents\agent-a72b94e1cf24c795e.meta.json
2026-04-18T16:35:04.5478968-05:00	.json	121	74d82eb8-af46-47f7-af7e-5f9e211e1af5\subagents\agent-a7c363b7d0e7853cb.meta.json
2026-04-18T16:34:50.1553987-05:00	.json	124	74d82eb8-af46-47f7-af7e-5f9e211e1af5\subagents\agent-a33465c76fe53e564.meta.json
2026-04-18T16:34:41.9678361-05:00	.jsonl	193419	48e72be8-6e4b-4b3b-a5a3-9cea48a21ee7\subagents\agent-a70b46a9528cc0a2b.jsonl
2026-04-18T16:34:39.6962345-05:00	.jsonl	111275	d86c60f0-5bfe-4e44-82ef-832d071a6e13\subagents\agent-aaa2a64024a6df8c6.jsonl
2026-04-18T16:34:26.6398844-05:00	.jsonl	8966	cfdbf42d-7abe-4546-ae08-73afa18ed092\subagents\agent-aaff7f2f913fab211.jsonl
2026-04-18T16:34:20.2075706-05:00	.json	118	cfdbf42d-7abe-4546-ae08-73afa18ed092\subagents\agent-aaff7f2f913fab211.meta.json
2026-04-18T16:34:19.1924767-05:00	.jsonl	149345	74d82eb8-af46-47f7-af7e-5f9e211e1af5\subagents\agent-a59be236258b5ecdb.jsonl
2026-04-18T16:34:11.4746130-05:00	.jsonl	10454	cfdbf42d-7abe-4546-ae08-73afa18ed092\subagents\agent-a8a10e78e232e0abc.jsonl
2026-04-18T16:34:08.2771472-05:00	.md	32835	memory\_QUARANTINE_2026-04-18\GITAI_GAP_CICD_INTEGRATION.md
2026-04-18T16:34:05.6968644-05:00	.json	123	cfdbf42d-7abe-4546-ae08-73afa18ed092\subagents\agent-a8a10e78e232e0abc.meta.json
2026-04-18T16:34:01.7420129-05:00	.jsonl	125731	d86c60f0-5bfe-4e44-82ef-832d071a6e13\subagents\agent-a0d03091d50b10156.jsonl
2026-04-18T16:33:57.4446775-05:00	.md	43698	plans\MASTER_INFRASTRUCTURE_OPTIMIZATION_PLAN.md
2026-04-18T16:33:56.9911918-05:00	.jsonl	10055	cfdbf42d-7abe-4546-ae08-73afa18ed092\subagents\agent-afe7530462b5a8749.jsonl
2026-04-18T16:33:47.5480552-05:00	.json	125	cfdbf42d-7abe-4546-ae08-73afa18ed092\subagents\agent-afe7530462b5a8749.meta.json
2026-04-18T16:33:44.4812257-05:00	.jsonl	228330	d86c60f0-5bfe-4e44-82ef-832d071a6e13\subagents\agent-a88210522608cf1ab.jsonl
2026-04-18T16:33:41.7958760-05:00	.jsonl	8677	cfdbf42d-7abe-4546-ae08-73afa18ed092\subagents\agent-a2cd8d52fccc95b14.jsonl
2026-04-18T16:33:38.1211603-05:00	.jsonl	184492	d86c60f0-5bfe-4e44-82ef-832d071a6e13\subagents\agent-a385dfdf138e3e9b1.jsonl
2026-04-18T16:33:35.0162304-05:00	.json	113	cfdbf42d-7abe-4546-ae08-73afa18ed092\subagents\agent-a2cd8d52fccc95b14.meta.json
2026-04-18T16:33:33.1009200-05:00	.jsonl	256157	74d82eb8-af46-47f7-af7e-5f9e211e1af5\subagents\agent-ad62ac22cf7957559.jsonl
2026-04-18T16:33:32.2932662-05:00	.json	16506	memory\_QUARANTINE_2026-04-18\PHASE_2_EXECUTION\PHASE_1_PEER_REVIEW_RESULTS.json
2026-04-18T16:33:29.4925578-05:00	.md	13445	memory\_QUARANTINE_2026-04-18\PHASE_2_EXECUTION\EXECUTIVE_BRIEFING_PACKAGE.md
2026-04-18T16:33:27.4256876-05:00	.jsonl	8003	cfdbf42d-7abe-4546-ae08-73afa18ed092\subagents\agent-a87cfafcd280059f4.jsonl
2026-04-18T16:33:22.4536216-05:00	.json	126	cfdbf42d-7abe-4546-ae08-73afa18ed092\subagents\agent-a87cfafcd280059f4.meta.json
2026-04-18T16:33:17.4732177-05:00	.jsonl	6581	cfdbf42d-7abe-4546-ae08-73afa18ed092\subagents\agent-a0e52c7df4d0b8ad6.jsonl
2026-04-18T16:33:14.3422678-05:00	.jsonl	281255	d86c60f0-5bfe-4e44-82ef-832d071a6e13\subagents\agent-a57fc18e47ce9b18a.jsonl
2026-04-18T16:33:12.4216584-05:00	.md	10788	memory\_QUARANTINE_2026-04-18\PHASE_2_EXECUTION\DISPATCH_4_METRICS\MANAGER_INTEGRATION_SUMMARY.md
2026-04-18T16:33:11.1964982-05:00	.json	123	cfdbf42d-7abe-4546-ae08-73afa18ed092\subagents\agent-a0e52c7df4d0b8ad6.meta.json
2026-04-18T16:33:06.7973740-05:00	.ts	955	core\policy-engine\src\builtin-policies\code-review-policy.ts
2026-04-18T16:33:06.6322119-05:00	.jsonl	6441	4569694c-f49b-48b2-a9d7-9c557913e245\subagents\agent-afb037f66b0abdb95.jsonl
2026-04-18T16:33:05.1141231-05:00	.md	15996	memory\_QUARANTINE_2026-04-18\PHASE_2_EXECUTION\INTEGRATION_TEST_COMPLETION_SUMMARY.md
2026-04-18T16:33:02.4337092-05:00	.json	103	4569694c-f49b-48b2-a9d7-9c557913e245\subagents\agent-afb037f66b0abdb95.meta.json
2026-04-18T16:32:58.3139148-05:00	.jsonl	217840	6ea9df90-e2ef-40ef-95f3-4fc23a38b11f\subagents\agent-ab57543ba3977cc18.jsonl
2026-04-18T16:32:58.1371339-05:00	.jsonl	5505	4569694c-f49b-48b2-a9d7-9c557913e245\subagents\agent-a932e9023fe0b6def.jsonl
2026-04-18T16:32:54.3011540-05:00	.json	106	4569694c-f49b-48b2-a9d7-9c557913e245\subagents\agent-a932e9023fe0b6def.meta.json
2026-04-18T16:32:54.0045253-05:00	.jsonl	171200	d86c60f0-5bfe-4e44-82ef-832d071a6e13\subagents\agent-af42483fd5ba99d70.jsonl
2026-04-18T16:32:53.9851575-05:00	.jsonl	6013	4569694c-f49b-48b2-a9d7-9c557913e245\subagents\agent-ac0df76eadcea7653.jsonl
2026-04-18T16:32:48.5714192-05:00	.jsonl	260929	6ea9df90-e2ef-40ef-95f3-4fc23a38b11f\subagents\agent-a0a34ee9111a593dd.jsonl
2026-04-18T16:32:47.7404665-05:00	.jsonl	7103	d86c60f0-5bfe-4e44-82ef-832d071a6e13\subagents\agent-aebc04d2e857ced8c.jsonl
2026-04-18T16:32:47.4438579-05:00	.jsonl	5208	4569694c-f49b-48b2-a9d7-9c557913e245\subagents\agent-a7d85b83d1fe092eb.jsonl
2026-04-18T16:32:46.9154441-05:00	.json	115	4569694c-f49b-48b2-a9d7-9c557913e245\subagents\agent-ac0df76eadcea7653.meta.json
2026-04-18T16:32:44.1608987-05:00	.jsonl	5399	4569694c-f49b-48b2-a9d7-9c557913e245\subagents\agent-ab7b02de93e91f2d5.jsonl
2026-04-18T16:32:42.1682736-05:00	.json	105	4569694c-f49b-48b2-a9d7-9c557913e245\subagents\agent-a7d85b83d1fe092eb.meta.json
2026-04-18T16:32:41.3704755-05:00	.txt	8697	memory\_QUARANTINE_2026-04-18\PHASE_2_EXECUTION\DISPATCH_4_METRICS\GIT_COMMIT_INFO.txt
2026-04-18T16:32:40.6758914-05:00	.json	3503	memory\_QUARANTINE_2026-04-18\PHASE_2_EXECUTION\REVIEW_01_INDEX.json
2026-04-18T16:32:39.5027808-05:00	.json	123	d86c60f0-5bfe-4e44-82ef-832d071a6e13\subagents\agent-aebc04d2e857ced8c.meta.json
2026-04-18T16:32:37.1138546-05:00	.json	115	4569694c-f49b-48b2-a9d7-9c557913e245\subagents\agent-ab7b02de93e91f2d5.meta.json
2026-04-18T16:32:31.6958000-05:00	.jsonl	6924	d86c60f0-5bfe-4e44-82ef-832d071a6e13\subagents\agent-a0fa4668fa5fe5f6c.jsonl
2026-04-18T16:32:30.7698857-05:00	.txt	111787	d86c60f0-5bfe-4e44-82ef-832d071a6e13\tool-results\bkk4i9uhl.txt
2026-04-18T16:32:29.0132799-05:00	.md	15657	memory\_QUARANTINE_2026-04-18\PHASE_2_EXECUTION\RECOMMENDATION_7_MANIFEST.md
2026-04-18T16:32:27.0456057-05:00	.jsonl	225474	d86c60f0-5bfe-4e44-82ef-832d071a6e13\subagents\agent-a89ac9d83ce16f76d.jsonl
2026-04-18T16:32:24.8014052-05:00	.json	105	d86c60f0-5bfe-4e44-82ef-832d071a6e13\subagents\agent-a0fa4668fa5fe5f6c.meta.json
2026-04-18T16:32:21.9269147-05:00	.txt	10144	memory\_QUARANTINE_2026-04-18\GITAI_STORAGE_SUMMARY.txt
2026-04-18T16:32:18.8635574-05:00	.md	15436	memory\_QUARANTINE_2026-04-18\PHASE_2_EXECUTION\DISPATCH_4_METRICS\WORK_UNIT_5_COMPLETION_REPORT.md
2026-04-18T16:32:16.2125136-05:00	.txt	5218	memory\_QUARANTINE_2026-04-18\PHASE_2_EXECUTION\REVIEW_01_COMPLETION_REPORT.txt
2026-04-18T16:32:05.8798965-05:00	.md	6431	memory\_QUARANTINE_2026-04-18\PHASE_2_EXECUTION\BLITZKRIEG_EXECUTION_LOG.md
2026-04-18T16:32:05.8694959-05:00	.md	11387	memory\_QUARANTINE_2026-04-18\PHASE_2_EXECUTION\WU3_DELIVERABLES_MANIFEST.md
2026-04-18T16:31:57.1708685-05:00	.md	4394	memory\_QUARANTINE_2026-04-18\PHASE_2_EXECUTION\PEER_REVIEW_01_SIGN_OFF.md
2026-04-18T16:31:50.6230957-05:00	.json	99	d86c60f0-5bfe-4e44-82ef-832d071a6e13\subagents\agent-aaa2a64024a6df8c6.meta.json
2026-04-18T16:31:49.6687800-05:00	.jsonl	893390	b18abc2a-0fbd-4af6-9dee-128cb8578a28.jsonl
2026-04-18T16:31:48.9476877-05:00	.md	24476	memory\_QUARANTINE_2026-04-18\PHASE_2_EXECUTION\INTEGRATION_TEST_APR24_CHECKLIST.md
2026-04-18T16:31:37.7193074-05:00	.txt	12475	memory\_QUARANTINE_2026-04-18\PHASE_2_EXECUTION\WORK_UNIT_4_COMPLETION.txt
2026-04-18T16:31:35.6838712-05:00	.md	3888	memory\_QUARANTINE_2026-04-18\PHASE_2_EXECUTION\REVIEW_01_SUMMARY.md
2026-04-18T16:31:34.2476664-05:00	.json	3035	memory\_QUARANTINE_2026-04-18\PHASE_2_EXECUTION\PHASE_2_SETUP_TASK_QUEUE.json
2026-04-18T16:31:32.5444426-05:00	.md	13243	memory\_QUARANTINE_2026-04-18\PHASE_2_EXECUTION\DISPATCH_4_METRICS\METRICS_SECURITY_README.md
2026-04-18T16:31:26.9928139-05:00	.txt	9214	memory\_QUARANTINE_2026-04-18\PHASE_2_EXECUTION\WU3_EXECUTIVE_SUMMARY.txt
2026-04-18T16:31:23.5666276-05:00	.md	13609	memory\_QUARANTINE_2026-04-18\GITAI_PHASE4_GAP3_COMPLETION_REPORT.md
2026-04-18T16:30:57.7552263-05:00	.md	12051	memory\_QUARANTINE_2026-04-18\PHASE_2_EXECUTION\DISPATCH_4_METRICS\SECURITY_ENFORCEMENT_PROCEDURES.md
2026-04-18T16:30:53.3019643-05:00	.md	8271	memory\_QUARANTINE_2026-04-18\PHASE_2_EXECUTION\WU3_GIT_COMMIT_READY.md
2026-04-18T16:30:48.1244222-05:00	.md	10535	memory\_QUARANTINE_2026-04-18\PHASE_2_EXECUTION\RECOMMENDATION_7_IMPLEMENTATION_SUMMARY.md
2026-04-18T16:30:44.0693040-05:00	.jsonl	188020	d86c60f0-5bfe-4e44-82ef-832d071a6e13\subagents\agent-a2d6f63543d16b108.jsonl
2026-04-18T16:30:42.6462458-05:00	.md	15262	memory\_QUARANTINE_2026-04-18\GITAI_STORAGE_LAYERS_REFERENCE.md
2026-04-18T16:30:39.5958070-05:00	.json	106	d86c60f0-5bfe-4e44-82ef-832d071a6e13\subagents\agent-a1d989f48bc142544.meta.json
2026-04-18T16:30:31.7544232-05:00	.jsonl	227502	6ea9df90-e2ef-40ef-95f3-4fc23a38b11f\subagents\agent-a78b6c035d4cab76a.jsonl
2026-04-18T16:30:29.5090765-05:00	.md	9821	memory\_QUARANTINE_2026-04-18\PHASE_2_EXECUTION\DELIVERABLES_MANIFEST.md
2026-04-18T16:30:29.4641234-05:00	.json	101	d86c60f0-5bfe-4e44-82ef-832d071a6e13\subagents\agent-a0d03091d50b10156.meta.json
2026-04-18T16:30:24.9644634-05:00	.json	10851	memory\_QUARANTINE_2026-04-18\PHASE_2_EXECUTION\DISPATCH_4_METRICS\SIGN_OFF_CHECKLIST.json
2026-04-18T16:30:15.9187545-05:00	.json	104	d86c60f0-5bfe-4e44-82ef-832d071a6e13\subagents\agent-af42483fd5ba99d70.meta.json
2026-04-18T16:30:06.5644858-05:00	.md	22207	memory\_QUARANTINE_2026-04-18\PHASE_2_EXECUTION\INTEGRATION_TEST_FAILURE_RECOVERY.md
2026-04-18T16:30:05.8453471-05:00	.md	8603	memory\_QUARANTINE_2026-04-18\PHASE_2_EXECUTION\WU_1_COMPLETION_REPORT.md
2026-04-18T16:30:03.6622944-05:00	.md	12170	memory\_QUARANTINE_2026-04-18\PHASE_2_EXECUTION\AGENT_CAPACITY_GUIDE.md
2026-04-18T16:30:02.4816593-05:00	.json	3156	memory\_QUARANTINE_2026-04-18\PHASE_2_EXECUTION\PHASE_1_PEER_REVIEW_QUEUE.json
2026-04-18T16:29:59.0444360-05:00	.md	10244	memory\_QUARANTINE_2026-04-18\PHASE_2_EXECUTION\WU3_COMPLETION_SUMMARY.md
